<?xml version="1.0" encoding="utf-8"?>
<beans xmlns="http://www.springframework.org/schema/beans"
    xmlns:gfe="http://www.springframework.org/schema/gemfire" xmlns:util="http://www.springframework.org/schema/util"
    xmlns:xsi="http://www.w3.org/2001/XMLSchema-instance"
    xmlns:p="http://www.springframework.org/schema/p"    
    xsi:schemaLocation="
          http://www.springframework.org/schema/beans http://www.springframework.org/schema/beans/spring-beans.xsd
          http://www.springframework.org/schema/gemfire http://www.springframework.org/schema/gemfire/spring-gemfire.xsd
          http://www.springframework.org/schema/util http://www.springframework.org/schema/util/spring-util.xsd">    

    <!-- gemfire 生产环境配置Java项目使用 -->
 
 	<bean id="cacheManager" class="org.springframework.data.gemfire.support.GemfireCacheManager"
	    p:cache-ref="gemfireCache">
	    <property name="regions">
	        <set>
	            <ref bean="ehrssApplyCore-selectCode"/>
	            <ref bean="ehrssApplyCore-areaCode"/>
	            <ref bean="personCache"/>
	        </set>
	    </property>
	</bean>
 
    <util:properties id="gemfire-props">
        <prop key="log-level">warning</prop>
    </util:properties>

    <gfe:client-cache id="gemfireCache" pool-name="ehrss-gemfire-pool" properties-ref="gemfire-props"/>
    <!-- 这里配置两节点 -->
    <gfe:pool id="ehrss-gemfire-pool" subscription-enabled="true">
        <gfe:locator host="${app.gemfire.locatorHost1}" port="${app.gemfire.locatorPort1}" />
        <gfe:locator host="${app.gemfire.locatorHost2}" port="${app.gemfire.locatorPort2}" />
    </gfe:pool>
    <!-- gfe:transaction-manager id="cacheTransactionManager"/-->
    <gfe:transaction-manager id="cacheTransactionManager" />
    <!-- ==============业务逻辑部分================ -->
    <!-- 配置样例:快速查询
    <gfe:client-region id="ehrssApplyCore-fileUploadProcessSession" data-policy="EMPTY" />
     -->     
     <gfe:client-region id="ehrssApplyCore-selectCode" data-policy="EMPTY" />
     <gfe:client-region id="ehrssApplyCore-areaCode" data-policy="EMPTY" />
     <gfe:client-region id="personCache" data-policy="EMPTY" />
</beans>