<?xml version="1.0" encoding="UTF-8"?>

<!-- Server.xml Configures a cache to serve caching clients at port 40405. The example region also is configured with a loader. -->

<!DOCTYPE cache PUBLIC
  "-//GemStone Systems, Inc.//GemFire Declarative Caching 6.5//EN"
  "http://www.gemstone.com/dtd/cache6_5.dtd">
<cache lock-lease="120" lock-timeout="60" search-timeout="300" is-server="true" copy-on-read="false">
    <!-- gemfire 服务端配置文件 在开发与正式环境当中共享deploy to sipub_gemfire\server --> 
    
    <region-attributes statistics-enabled="true" id="USER_FOREVER_SESSION_CACHE" refid="REPLICATE">
    </region-attributes>   
    
    <!-- 快速缓存5分钟有效3分钟滞留 -->
    <region-attributes statistics-enabled="true" id="FAST_CACHE" refid="REPLICATE">
        <entry-time-to-live>
            <expiration-attributes timeout="300" action="destroy" />
        </entry-time-to-live>
        <entry-idle-time>
            <expiration-attributes timeout="180" action="destroy" />
        </entry-idle-time>
    </region-attributes>

    <!-- 用户session缓存 30分钟有效 -->
    <region-attributes statistics-enabled="true" id="USER_SESSION_CACHE" refid="REPLICATE">
        <entry-time-to-live>
            <expiration-attributes timeout="1800" action="destroy" />
        </entry-time-to-live>
        <entry-idle-time>
            <expiration-attributes timeout="900" action="destroy" />
        </entry-idle-time>
    </region-attributes>

    <!-- 用户长session缓存 3个小时有效 -->
    <region-attributes statistics-enabled="true" id="USER_LONG_SESSION_CACHE" refid="REPLICATE">
        <entry-time-to-live><!-- 3个小时 -->
            <expiration-attributes timeout="10800" action="destroy" />
        </entry-time-to-live>
        <entry-idle-time><!-- 40分钟超时 -->
            <expiration-attributes timeout="2400" action="destroy" />
        </entry-idle-time>
    </region-attributes>

    <!-- ==============业务逻辑部分================ -->
    <!--  配置样例: 文件上传session    -->
    <region name="ehrssApplyCore-fileUploadProcessSession" refid="USER_LONG_SESSION_CACHE"/>
    
    <region name="ehrssApplyCore-selectCode" refid="USER_FOREVER_SESSION_CACHE"/>
    
    <region name="ehrssApplyCore-areaCode" refid="USER_SESSION_CACHE"/>
    
    <region name="issueCache" refid="USER_LONG_SESSION_CACHE"/>
    
    <region name="companyCache" refid="USER_SESSION_CACHE"/>
    
    <region name="personCache" refid="FAST_CACHE"/>
    
    <region name="personQuickSearchCache" refid="FAST_CACHE"/>
    
</cache>
